feature,score,target
采样时刻,0.9568614490475011,青霉素浓度
菌体浓度,0.9044397838369664,青霉素浓度
体积,0.9328159257745834,青霉素浓度
c02浓度,0.9020066822832893,青霉素浓度
反应热,0.9066081015582529,青霉素浓度
冷却水流速,0.9576295878371147,青霉素浓度
