feature,score
Dissolved oxygen volume fraction,0.8302415559254932
Culture Volume,0.988203722029364
ph,0.9028490240817478
Fermentor Temperature,0.5808284129080934
Generated Heat,0.9992757366188019
