feature,score,target
采样时刻,0.9574245552357263,青霉素浓度
冷却水流速,0.9572538890009985,青霉素浓度
