feature,score
Dissolved oxygen volume fraction,0.859397616428184
Culture Volume,0.9878622729797188
ph,0.9019753769624785
Generated Heat,0.9992827468610127
