feature,score
Culture Volume,0.988203722029364
ph,0.9028490240817478
Generated Heat,0.9992757366188019
